,Country,City,Latitude,Longitude,Temperature (F),Humidity (%),Cloudiness (%),Wind Speed (mph)
12007,fr,saint-etienne,45.435382000000004,4.391051,45.84,56,0,8.05
44278,us,columbia,38.951666700000004,-92.3338889,34.92,51,1,10.29
14150,gr,plomarion,38.9766667,26.368055600000005,60.8,82,40,16.11
15593,hu,gyor,47.687281,17.637616,43.99,100,0,6.93
27913,ph,claveria,12.9035,123.2457,82.95,96,36,13
33349,ro,jibert,46.0,25.066667000000002,44.07,92,92,6.85
14895,hn,el socorro,14.633333300000002,-87.91666670000001,75.2,69,1,16.11
2650,br,canutama,-6.533333,-64.333333,75.75,96,36,3.04
6759,co,colombia,3.376064,-74.80149499999999,68.91,58,32,1.7
7155,co,paramo,6.416389,-73.17,62.52,80,68,2.15
42446,us,novato,38.1075,-122.5686111,59.99,100,90,11.41
34525,ro,traian,46.633333,27.033333000000002,44.6,100,90,6.93
2669,br,carapicuiba,-23.516667,-46.833333,72.23,88,90,3.36
6648,co,boavita,6.33031,-72.58505,47.67,83,12,1.81
38337,ru,starobaltachevo,56.00131700000001,55.921310999999996,2.85,95,32,4.5
29065,ph,masaguisi,12.75452,121.448415,84.3,58,8,5.39
398,am,vardablur,40.95,44.466666700000005,28.4,79,0,1.12
8388,cz,vizovice,49.221403,17.853332,42.78,100,90,2.24
44388,us,las vegas,36.175,-115.1363889,62.28,59,40,5.82
34406,ro,suseni,46.816666999999995,24.75,46.4,93,92,2.24
20878,it,rubano,45.433333000000005,11.783333,45.46,93,75,2.24
11858,fr,morlaix,48.58733,-3.8250050000000004,40.98,86,20,8.05
45675,us,hewitt,31.4622222,-97.19555559999999,45.39,79,1,2.82
25565,nl,hellendoorn,52.391055,6.4507650000000005,45.72,100,90,8.05
4418,ca,alfred,45.55,-74.866667,31.3,89,90,6.93
32684,ro,ciugud,46.05,23.616667,43.68,93,90,3.04
23887,mx,huiloac,19.4,-98.15,45.6,93,12,1.81
34736,ro,vladeni,47.716667,26.516666999999998,42.8,100,90,5.82
39783,sl,rokupr,8.6716667,-12.395,75.66,91,64,2.93
17657,in,faridabad,28.433333,77.31666700000001,80.6,47,0,4.7
16426,id,panarukan,-7.7008,113.9529,74.85,98,92,3.27
18858,in,okha,22.469444,69.060556,78.9,88,0,9.86
25576,nl,hoorn,52.649035,5.063112,40.98,100,75,11.41
14889,hn,el rincon,14.583333300000001,-87.9333333,75.2,69,1,16.11
40609,tr,islahiye,37.025,36.630556,46.4,93,0,4.7
19725,in,vandavasi,12.5,79.616667,87.45,56,36,4.5
28440,ph,katangawan,6.172712000000001,125.218695,91.41,42,0,3.04
24463,mx,san nicolas de los garza,25.75,-100.3,52.63,41,75,5.82
23736,mx,dulce grande,23.0,-102.166667,53.61,50,0,7.4
32278,ro,beceni,45.383333,26.783333000000002,42.45,96,92,1.36
36774,ru,lechinkay,43.564721999999996,43.432778000000006,26.6,100,90,2.24
9674,de,stadthagen,52.316666999999995,9.2,47.77,87,75,12.75
11047,es,sueca,39.2,-0.31666700000000003,51.8,71,20,3.38
32717,ro,comana,43.9,28.316667,44.6,100,75,12.75
21616,jp,nagayo,32.816666999999995,129.883333,63.03,55,40,1.12
44221,us,white bear lake,45.0847222,-93.00972220000001,29.23,58,1,12.75
9308,de,moers,51.45,6.65,46.4,93,75,16.11
18870,in,padampur,20.983333,83.06666700000001,92.31,41,0,4.38
7696,cu,cumanayagua,22.1494444,-80.20222220000001,70.63,94,92,4.7
44145,us,chaska,44.789444399999994,-93.60194440000001,28.27,74,1,9.17
12596,gb,hatfield,53.566667,-0.983333,40.32,100,90,5.82
30026,ph,santa catalina,16.0835,120.6116,86.01,47,8,3.71
36324,ru,khuzhir,53.193889,107.339722,12.39,74,0,8.97
5236,cf,ouadda,8.0666667,22.4,76.65,68,12,6.73
2405,br,assare,-6.866667,-39.866667,71.43,95,56,3.38
26747,pe,pueblo nuevo,-7.188055599999999,-79.51527779999999,68,88,0,3.36
46804,zw,beitbridge,-22.216666699999998,30.0,72.33,83,56,14.12
42941,us,opa-locka,25.901944399999998,-80.2505556,57.88,76,1,14.99
19330,in,saundatti yellamma,15.783332999999999,75.116667,91.23,29,0,10.65
14214,gr,selianitika,38.283333299999995,22.033333300000002,51.8,93,40,4.7
22832,mg,vavatenina,-17.466666699999998,49.2,73.77,98,92,4.16
43689,us,houlton,46.1261111,-67.8408333,27.61,86,1,3.36
5948,cn,foshan,23.026771,113.131483,77,50,20,4.47
42414,us,martinez,38.0194444,-122.13305559999999,60.67,82,1,5.82
20568,it,mandello del lario,45.9,9.316667,38.61,100,20,1.12
32311,ro,berthelot,45.616667,22.883333,40.92,99,92,2.48
40322,th,thoen,17.612894,99.216116,80.7,74,0,3.38
44648,us,west paterson,40.8897222,-74.1952778,34.45,100,90,9.17
41358,ua,klembivka,48.390372,28.410922999999997,41.55,94,56,19.04
30108,ph,santo cristo,15.330557999999998,120.673231,84.2,58,75,4.7
14585,gt,san bartolome jocotenango,15.192778,-91.07722199999999,45.87,87,8,1.81
28656,ph,limay,14.561944,120.59833300000001,87.66,49,40,9.17
21482,jp,kimitsu,35.325278000000004,139.89111100000002,60.15,58,0,16.11
29630,ph,quisao,14.4347,121.3344,89.6,49,40,9.17
16286,id,gondanglegi,-8.175288,112.635935,80.88,89,68,5.95
27826,ph,caramoran,13.9849,124.1347,81.06,97,64,12.77
37314,ru,novokuznetsk,53.7557,87.1099,7.35,91,0,4.27
7445,co,tausa,5.199029,-73.89128199999999,48.2,81,0,2.24
2007,bg,montana,43.4125,23.225,43.53,93,56,2.82
6267,cn,qingyuan,23.7,113.03333300000001,77,50,20,4.47
35314,ru,baykalovo,57.39810799999999,63.768406000000006,11.04,79,0,4.94
13396,gr,ano mera,37.45,25.4,58.14,93,40,10.29
4853,ca,parksville,49.3,-124.316667,44.6,93,75,3.36
2180,bo,entre rios,-21.533333300000002,-64.2,63.87,94,80,0.92
36449,ru,komsomolsk-na-amure,50.551986,137.015244,28.95,68,44,4.27
39791,sl,waterloo,8.3383333,-13.0719444,77,88,40,11.41
19518,in,sulur,11.033333,77.133333,82.4,58,40,12.75
28991,ph,manay,7.215,126.539722,84.39,76,0,12.55
6514,cn,zalantun,48.0,122.71666699999999,35.52,83,0,3.83
12365,gb,bury saint edmunds,52.25,0.716667,39.79,100,90,8.05
5470,ch,risch,46.409984,7.338869,34.47,86,75,3.36
22302,lk,kalutara,6.5761110999999985,79.9658333,78.8,88,40,2.24
37076,ru,monetnyy,57.0472,60.8794,1.4,77,0,2.24
23213,mu,saint hubert,-20.3641667,57.6383333,84.2,70,40,17.22
324,am,musayelyan,40.7652778,43.9908333,28.4,79,0,1.12
37588,ru,perevoz,55.596132,44.544606,7.98,89,20,13.22
15753,hu,letenye,46.433013,16.725832,39.2,93,0,2.82
40262,th,pong,19.149306,100.275222,77.55,82,24,4.05
39198,ru,zarubino,58.735,33.475556,38.4,100,92,17.81
39265,ru,zhirnovsk,50.984482,44.773474,-0.3,77,0,8.63
35760,ru,dubrovka,53.6907,33.5071,32,97,40,13.42
40597,tr,gursu,40.218757000000004,29.194871999999997,50,93,75,10.29
5732,cm,bafang,5.15,10.183333300000001,63.51,100,80,3.04
26017,no,roros,62.583332999999996,11.4,23,85,64,9.17
36852,ru,lopatinskiy,55.34100600000001,38.723658,26.6,79,75,8.95
20473,it,giussano,45.7,9.233333,38.57,100,12,1.12
15477,hu,csokmo,47.033333,21.3,43.63,93,40,5.82
11171,et,gore,8.15,35.533333,71.43,55,0,3.71
14428,gt,catarina,14.85,-92.083333,77,94,5,2.04
8780,de,engen,47.85,8.766667,41.59,80,40,6.93
29777,ph,san bernardo,17.403824,121.753846,78.27,74,48,3.6
31697,pt,oia,40.542640999999996,-8.538561999999999,55.4,93,40,9.17
41702,ua,sharhorod,48.738346,28.084969,41.55,94,56,19.04
39372,sd,sawakin,19.1038889,37.33,73.41,78,0,5.95
34298,ro,socodor,46.516667,21.433332999999998,42.93,100,44,3.36
29540,ph,polahongon,10.5288,124.9694,80.07,93,76,7.52
31284,pl,polkowice,51.50618,16.072623,45.87,94,48,15.79
21446,jp,kanonji,34.116667,133.65,63.64,45,0,4.7
35887,ru,glinishchevo,53.304162,34.065226,32,92,40,13.42
44905,us,henderson,36.32944439999999,-78.39944440000001,32.85,92,1,8.05
18739,in,nalhati,24.3,87.81666700000001,86.46,54,0,3.38
13952,gr,mitropoli,39.3394444,21.8369444,47.13,65,0,5.17
24223,mx,ocotlan,16.716667,-96.7,50.37,95,0,2.26
20285,it,catania,37.5,15.1,50,76,0,4.7
25546,nl,haaksbergen,52.156875,6.739496000000001,45.54,100,90,8.05
103,al,korce,40.6186111,20.7808333,42.63,100,64,6.29
34867,rs,donji komren,43.349167,21.880556,48.2,87,90,2.24
2116,bi,ruyigi,-3.4763888999999994,30.248611100000005,61.35,100,88,3.38
30181,ph,siayan,8.266667,123.1,85.11,74,0,16.69
45750,us,portland,27.876944399999996,-97.3236111,55.99,71,75,3.36
27746,ph,calongbuyan,17.183332999999998,120.46666699999999,85.47,43,0,6.29
16335,id,kendari,-3.945,122.49888899999999,80.16,100,8,3.27
12696,gb,langholm,55.15,-3.0,37.4,86,56,6.93
37857,ru,rasshevatskaya,45.574802000000005,41.034958,32.19,90,0,16.46
37617,ru,peskovka,59.04478100000001,52.360571,4.11,88,44,10.54
20834,it,ragusa,36.916667,14.733332999999998,50,100,0,11.54
12531,gb,fenwick,55.65,-4.433333,40.98,93,75,4.72
8734,de,dresden,51.05,13.75,46.4,81,0,8.05
11665,fr,hazebrouck,50.723741,2.537292,42.33,93,92,19.46
30664,ph,yumbing,9.2393,124.6578,78.45,91,48,6.62
5061,ca,trois-rivieres,46.35,-72.55,29.13,87,56,10.65
8733,de,drensteinfurt,51.8,7.75,45.77,81,90,13.87
4970,ca,saint-remi,45.25,-73.6,33.78,69,90,3.36
39865,so,garowe,8.4,48.5,73.14,80,80,5.73
26182,np,tikapur,28.5,81.1333333,82.32,26,0,2.59
42866,us,indian harbour beach,28.148611100000004,-80.5886111,52.5,54,1,19.46
1116,ba,ilijas,43.9508333,18.2708333,39.99,100,75,2.24
1207,ba,srebrenica,44.1063889,19.296944399999997,39.2,100,92,5.82
42762,us,dover,39.158055600000004,-75.52472220000001,34.59,100,90,10.29
29114,ph,mayorga,10.9,125.0,80.07,93,76,7.52
6125,cn,langxiang,46.95,128.883333,34.53,68,8,2.82
14739,gy,mabaruma,8.2,-59.783333299999995,75.93,92,88,6.85
12961,gb,stornoway,58.216667,-6.366667,41,93,0,2.24
27686,ph,caditaan,12.805278,123.849167,82.59,89,8,16.02
46257,uz,mangit,42.11555560000001,60.05972220000001,32.27,74,75,13.87
28230,ph,guijalo,13.7373,123.868,80.25,87,68,11.77
11182,et,kembolcha,11.083333,39.733333,61.35,38,36,2.82
43818,us,reisterstown,39.46944439999999,-76.8297222,33.35,89,36,8.19
34169,ro,sasciori,45.866667,23.583333,44.6,93,90,2.15
12438,gb,crimond,57.6,-1.9,37.4,93,90,6.93
9014,de,hessisch oldendorf,52.166667,9.25,47.61,87,75,12.75
28916,ph,malasugui,14.1439,122.8471,80.34,99,0,16.35
8177,cz,opava,49.93846,17.902628,42.8,87,40,10.29
9933,dk,blovstrod,55.870377000000005,12.386399,36.77,100,75,2.24
19932,ir,marand,38.4329,45.7749,39.2,69,20,6.93
21300,jp,haebaru,26.184722,127.7225,74.05,37,20,5.82
8525,de,bad pyrmont,51.983333,9.25,46.87,87,75,12.75
45331,us,waynesboro,39.7558333,-77.5780556,29.93,100,90,9.17
6878,co,gachala,4.6924410000000005,-73.520421,48.2,81,0,2.24
39020,ru,vychegodskiy,61.247016,46.898418,20.49,86,88,13.11
40107,th,bang rakam,16.758472,100.117417,87.8,55,20,4.7
20812,it,porto san giorgio,43.183333000000005,13.8,51.8,71,75,2.24
29393,ph,pangdan,11.744444,124.91666699999999,83.4,82,48,14.34
40910,tz,katoro,-1.3997222,31.5002778,64.77,99,80,3.83
13798,gr,kormista,40.9833333,24.05,53.6,87,20,8.05
33809,ro,paunesti,46.033333,27.1,44.6,100,90,6.93
38032,ru,sennoy,52.150899,46.963091999999996,-0.3,66,36,3.71
13721,gr,kefalovrison,39.580555600000004,21.6930556,47.13,65,0,5.17
16598,ie,bantry,51.6833333,-9.45,44.79,95,48,9.98
18593,in,masaurhi,25.35,85.033333,82.27,33,0,11.41
23606,mx,churumuco,18.616667,-101.633333,62.34,70,0,2.04
17282,in,bihariganj,25.733333,86.983333,85.47,45,0,7.18
13586,gr,gazoros,41.0166667,23.7666667,51.27,97,0,6.62
22004,ke,kitui,-1.3666667,38.0166667,67.11,97,76,4.38
11943,fr,porto-vecchio,41.589364,9.279907000000001,55.4,66,75,17.22
34840,rs,bezdan,45.852778,18.930556,39.2,93,56,3.36
17230,in,bhanpura,24.513,75.7469,83.31,39,0,4.27
6152,cn,linhai,28.85,121.11666699999999,75.3,45,20,9.64
42373,us,la verne,34.1008333,-117.76694440000001,61.74,72,75,3.36
21628,jp,namie,37.483333,141.0,59,41,20,8.05
25345,ng,owerri,5.483333,7.030407,73.5,95,8,4.94
46395,vn,ben tre,10.233333,106.38333300000001,93.48,49,0,10.09
7244,co,riofrio,4.157104,-76.28851800000001,64.23,91,44,1.81
37510,ru,ostrovnoy,68.05305600000001,39.513056,21.57,88,80,9.75
9633,de,sebnitz,50.966667,14.283332999999999,46.4,81,0,8.05
10100,dk,pandrup,57.221197,9.67273,34.44,95,92,10.09
32107,ro,altina,45.933333000000005,24.466667,45.55,93,90,9.42
22005,ke,konza,-1.75,37.1166667,63.19,93,75,4.7
4375,by,dzerzhinsk,53.685,27.141944399999996,37.4,93,90,13.42
19174,in,raniganj,23.616667,87.133333,93.57,31,0,5.61
8672,de,cadolzburg,49.45,10.866667,44.1,87,90,10.29
11358,fr,annonay,45.239695000000005,4.670747,44.62,56,0,8.05
14405,gr,ziparion,36.875,27.204166700000002,60.01,82,75,18.7
25186,ne,agadez,16.9738889,7.9908333,75.2,15,0,9.17
3784,br,riachao do jacuipe,-11.8,-39.35,72.78,96,92,1.59
5416,ch,meggen,47.04722,8.369489,40.26,100,40,6.93
3356,br,maruim,-10.75,-37.083333,78.8,78,40,8.05
29263,ph,nueva fuerza,9.8464,124.167,80.6,83,90,9.17
25559,nl,heerde,52.389029,6.03942,44.6,100,90,8.05
1133,ba,koran,43.8102778,18.5688889,41,100,75,2.24
20552,it,lonigo,45.383333,11.383333,44.67,93,88,4.7
14958,hn,la estancia,15.05,-86.35,75.2,88,20,2.24
45833,us,lindon,40.3433333,-111.72,47.17,74,1,2.71
39462,se,oskarshamn,57.266667000000005,16.433332999999998,35.6,100,90,8.05
845,au,goulburn,-34.751549,149.720856,62.25,91,92,5.73
2860,br,erechim,-27.633333,-52.283333,68,68,0,11.41
21546,jp,maki,37.75,138.883333,64.4,25,0,16.11
41093,tz,songwa,-3.5166667,33.5166667,64.14,100,92,4.16
27476,ph,bobon,15.6691,120.3854,84.2,58,75,4.7
39787,sl,seidu,9.016666699999998,-10.6,68.73,96,36,6.73
13601,gr,grevena,40.0833333,21.4166667,41,75,40,4.7
24037,mx,las varas,21.166667,-105.16666699999999,68,100,5,0.81
6824,co,el cocuy,6.407836,-72.444637,47.67,83,12,1.81
16977,in,asarganj,25.15,86.68333299999999,87.63,36,0,6.17
12403,gb,chippenham,51.46,-2.124722,40.71,86,90,4.7
36262,ru,khakurinokhabl,45.010278,40.225,35.43,88,0,11.1
998,az,masalli,39.027781,48.670276,41,93,90,2.93
7286,co,san antonio del tequendama,4.618889,-74.353889,48.2,81,32,2.24
41243,ua,delyatyn,48.523545,24.624658,42.8,100,75,2.71
24858,mx,villa juarez,22.116667,-102.06666700000001,62.6,21,5,4.7
28637,ph,liberty,6.455278,124.981944,97.17,33,0,4.16
24674,mx,tetecala,18.716667,-99.4,58.65,95,36,1.48
16812,il,tayibe,32.266161,35.008932,54.99,81,20,2.24
15136,hn,san jeronimo,14.9666667,-88.8666667,59.91,93,8,1.92
5708,cl,san vicente,-34.433333000000005,-71.083333,41.1,73,0,2.04
22012,ke,luanda,0.3077778,34.0586111,64.95,100,92,3.94
44247,us,madison,32.4616667,-90.11527779999999,41.63,100,0,3.15
1967,bg,kaolinovo,43.6166667,27.116666700000003,50.37,96,88,11.88
32540,ro,camarasu,46.783333,24.133333,44.6,93,0,3.36
18915,in,pandavapura,12.500556,76.673333,85.2,32,8,9.64
36511,ru,kovdor,67.566165,30.475758000000003,17.88,94,76,2.93
12782,gb,morley,53.733332999999995,-1.583333,40.71,80,75,9.17
2331,br,ananas,-6.360278,-47.91,72.33,97,68,5.06
16149,hu,vertesszolos,47.621057,18.381298,44.6,100,0,6.93
26442,pa,la cabima,9.133333300000002,-79.5333333,77,78,20,1.12
21683,jp,ojiya,37.3,138.8,58.11,54,0,4.83
46229,uz,bekobod,40.220833299999995,69.2697222,48.2,93,90,15.66
19814,in,ziro,27.633333,93.833333,64.4,93,90,3.36
17291,in,bilara,26.179167,73.705556,88.71,32,0,6.4
7786,cv,sal rei,16.1833333,-22.9166667,68,88,40,24.16
40393,tj,uroteppa,39.9108333,69.0063889,48.2,93,90,15.66
44113,us,sturgis,41.7991667,-85.4191667,28.8,86,1,5.82
26952,ph,aguada,12.816667,123.83333300000001,82.59,89,8,16.02
18850,in,nurpur,31.166666999999997,76.483333,84.75,34,20,4.27
13108,ge,lentekhi,42.7855556,42.726111100000004,38.13,62,0,1.92
17304,in,biloli,18.766667,77.733333,90.15,46,0,4.83
40050,td,guelengdeng,10.933333300000001,15.5333333,73.14,32,44,7.29
36720,ru,kusye-aleksandrovskiy,58.283889,58.376389,7.35,83,0,5.73
4011,br,sao pedro da aldeia,-22.85,-42.1,75.93,100,44,7.85
4918,ca,rocky mountain house,52.366667,-114.91666699999999,19.5,67,0,2.26
11594,fr,evry,48.632804,2.440492,45.63,81,75,16.11
40325,th,trat,12.241028,102.515472,86,74,20,6.85
15195,hn,sensenti,14.483333300000002,-88.9333333,61.62,76,8,3.04
27861,ph,casay,9.8204,123.5496,82.4,83,90,4.7
46138,us,pleasant prairie,42.55305560000001,-87.9333333,30.6,74,40,6.93
19805,in,yellandu,17.6,80.333333,88.26,65,0,4.5
27646,ph,cabanbanan,10.0852,122.9579,78.54,95,24,4.27
37318,ru,novolugovoye,54.9792,83.1138,-4.01,83,0,2.24
11449,fr,brie-comte-robert,48.692468,2.610902,45.63,81,90,17.22
38828,ru,varlamovo,53.1897,48.4226,1.5,71,12,4.38
12067,fr,selestat,48.259322999999995,7.4542850000000005,44.6,87,90,11.41
25242,ng,birnin kebbi,12.453889,4.1975,62.25,54,0,2.48
33762,ro,otelu rosu,45.533333,22.366667,46.05,99,88,2.59
30496,ph,tinaan,11.266667,123.75,82.77,98,12,18.37
8247,cz,roznov,49.4606,18.136664,41.86,87,40,10.29
38749,ru,ushumun,52.783333,126.53333300000001,27.42,34,0,5.5
16591,ie,ballinasloe,53.3275,-8.2194444,31.47,86,0,7.63
28753,ph,luna,16.96975,121.729242,77.91,84,48,3.94
38087,ru,shalinskoye,55.7194,93.7589,8.97,83,0,3.71
26282,nz,rolleston,-43.583333,172.383333,57.2,76,12,6.93
43491,us,zionsville,39.9508333,-86.2619444,30.9,74,75,3.36
2517,br,bonito,-8.483333,-35.733333,69.45,97,32,4.83
10652,es,alcudia,39.853605,3.122404,44.6,93,20,2.24
11071,es,torre del campo,37.772009000000004,-3.897411,48.2,100,90,7.96
23781,mx,emiliano zapata,18.833333,-99.18333299999999,60.8,59,5,5.82
15733,hu,kotaj,48.05,21.716667,42.8,93,0,2.24
14256,gr,souflion,41.1919444,26.299444399999995,57.2,93,40,16.11
16930,in,anakapalle,17.683332999999998,83.016667,89.07,56,0,5.5
2598,br,cambara,-23.0411,-50.0741,72.87,78,0,4.61
41982,ug,kyotera,-0.6155556,31.5175,69.81,100,48,4.27
2677,br,careiro da varzea,-3.2,-59.75,76.95,83,0,6.93
46255,uz,kuva,40.523611100000004,72.0616667,51.01,76,80,4.72
17496,in,daman,20.416667,72.85,82.32,85,0,15.79
13097,ge,kaspi,41.9161111,44.4241667,35.6,100,90,5.82
11032,es,sant just desvern,41.383333,2.083333,45.48,76,0,10.29
11495,fr,champigny-sur-marne,48.81642,2.493656,45.63,81,75,16.11
25782,no,ballangen,68.335278,16.821111,10.4,78,0,4.72
32906,ro,dobarlau,45.733333,25.883333,40.02,93,92,2.04
9006,de,hersbruck,49.5125,11.433889,44.13,75,75,8.05
37696,ru,poim,53.026393999999996,43.187214000000004,4.38,88,48,9.98
9443,de,parchim,53.433333,11.85,44.6,100,90,5.82
13145,gf,grand-santi,4.25,-54.3833333,76.11,81,92,3.38
2596,br,camaqua,-30.85,-51.816666999999995,55.95,95,0,2.15
14471,gt,el tejar,14.647778,-90.792778,68,68,0,11.41
25724,nl,wageningen,51.973279,5.667555999999999,45.32,100,90,8.05
34656,ro,vama buzaului,45.583333,25.983333,40.02,93,92,2.04
1093,ba,donji vakuf,44.1436111,17.4,39.03,99,36,1.92
25021,my,kuang,3.2594,101.5541,91.38,52,75,4.7
3640,br,picui,-6.516667,-36.35,67.2,95,8,3.83
45384,us,levittown,18.4519444,-66.1819444,78.8,78,20,6.93
45579,us,aldine,29.932222200000002,-95.38,51.8,44,1,5.82
39396,se,akersberga,59.483332999999995,18.3,32.9,100,90,8.05
17640,in,elayirampannai,9.266667,77.833333,84.2,62,75,6.93
36516,ru,koygorodok,60.444984,50.996802,17.16,84,80,6.4
1458,be,deerlijk,50.85,3.35,42.33,93,92,19.46
34340,ro,stefan cel mare,43.816666999999995,24.216667,50,93,75,9.17
1769,be,stavelot,50.383333,5.933333,44.26,100,92,12.75
33961,ro,racaciuni,46.333333,26.983333000000002,44.6,100,90,6.93
10369,ec,puerto baquerizo moreno,-0.9,-89.6,77.73,100,92,4.38
32928,ro,dolhesti,46.866667,27.9,42.8,93,75,13.87
20665,it,montesilvano,42.483333,14.133332999999999,55.4,58,44,4.7
26235,nz,manaia,-39.55,174.133333,64.59,99,20,18.7
45351,us,barranquitas,18.1886111,-66.30666670000001,78.8,78,20,6.93
6496,cn,yuancheng,23.733333,114.683333,76.2,57,0,5.17
279,am,kanakeravan,40.2472222,44.536666700000005,39.2,69,0,1.12
42525,us,san diego,32.7152778,-117.1563889,59.41,82,75,6.93
29249,ph,new lagao,6.7027779999999995,124.64138899999999,97.17,33,0,4.16
12815,gb,northallerton,54.333332999999996,-1.433333,40.1,80,88,6.93
12169,fr,villiers-le-bel,49.008747,2.39819,45.5,81,90,14.99
46748,zm,kabompo,-13.6,24.2,67.65,98,20,8.75
33160,ro,glodeni,45.016667,25.466667,46.77,97,92,2.26
44543,us,highland park,40.4958333,-74.4247222,34.7,100,90,4.7
11401,fr,beauchamps,48.83238,-1.360005,46.4,93,90,8.05
6008,cn,helong,42.539744,128.99722,52.35,72,36,8.86
42237,us,camarillo,34.2163889,-119.03666670000001,60.53,82,90,5.82
36629,ru,krasnyy yar,51.629166999999995,46.421667,-0.41,91,32,2.24
3834,br,russas,-4.933333,-37.966667,78.63,81,80,4.38
36606,ru,krasnyye baki,57.130995999999996,45.159924,10.05,82,80,6.73
8457,de,altotting,48.233333,12.683333,42.85,86,75,4.7
35524,ru,buguruslan,53.6554,52.442,3.84,82,24,3.71
6941,co,hobo,2.583333,-75.45,59.55,96,0,2.48
34992,rs,sevojno,43.845,19.898611,43.11,100,20,5.82
39954,sv,panchimalco,13.612777800000002,-89.18,76.35,94,5,2.71
44069,us,inkster,42.2941667,-83.31,29.28,86,90,5.82
44866,us,watertown,43.9747222,-75.91111109999999,30.2,92,90,4.7
27836,ph,carig,17.670663,121.75188899999999,78.27,74,48,3.6
22254,lb,jazzin,33.5416667,35.58888889999999,57.07,87,40,1.12
25446,nl,almelo,52.359606,6.656797,45.66,100,90,8.05
25920,no,kragero,58.86666700000001,9.416667,32,97,0,16.11
655,at,kuchl,47.616667,13.15,41,86,75,4.7
26217,nz,hunterville,-39.933333000000005,175.566667,63.51,71,0,19.71
10519,ee,rapla,59.00722220000001,24.792777800000003,35.6,100,90,5.82
6645,co,betania,5.607778,-75.7125,59,93,40,1.48
14881,hn,el plan,15.2833333,-87.9666667,77,100,20,3.36
10883,es,lloret de mar,41.699929,2.845646,40.39,100,20,3.04
32370,ro,boldesti-scaeni,45.033333,26.033333,46.4,93,90,9.17
22019,ke,mandera,3.9261111000000004,41.8461111,85.83,50,8,5.17
12106,fr,toulon,43.117705,5.941712,48.13,57,0,9.17
18950,in,patamundai,20.566667000000002,86.56666700000001,91.05,57,0,4.72
38193,ru,skhodnya,55.94805600000001,37.297778,27.79,92,90,13.42
2417,br,bacabal,-4.233333,-44.783333,73.77,97,92,5.84
26554,pa,santo domingo,7.75,-80.25,77.73,92,64,5.06
10755,es,cartama,36.711591,-4.630105,55.4,93,75,2.24
17624,in,dum duma,27.566667,95.56666700000001,75.2,60,40,5.82
32835,ro,cugir,45.833333,23.366667,44.6,93,90,2.15
20190,it,calolziocorte,45.8,9.433333,38.57,87,40,5.82
39142,ru,yukhnov,54.744443999999994,35.229721999999995,27.87,96,80,17.47
18891,in,palera,25.016667,79.233333,91.77,30,0,4.27
14929,hn,jacaleapa,14.016666699999998,-86.66666670000001,69.8,60,20,11.41
43446,us,hobart,41.5322222,-87.255,33.04,74,1,5.82
45298,us,lansdowne,39.938055600000006,-75.2722222,33.51,95,90,6.96
11167,et,ginir,7.133333,40.7,75.48,40,0,4.16
1071,ba,buzim,45.0547222,16.0319444,34.8,80,8,2.15
27263,ph,bamban,15.6747,120.3315,84.2,58,75,4.7
22545,lu,medernach,49.8019444,6.2183333,42.8,93,92,11.41
24138,mx,mixtepec,16.083333,-97.1,62.97,99,0,1.59
12595,gb,hastings,50.85,0.6,42.8,87,88,14.99
42054,us,northport,33.228888899999994,-87.57722220000001,44.6,65,1,8.05
12460,gb,darvel,55.583332999999996,-4.283333,40.95,93,75,4.72
23300,mx,acuitzio,19.483333,-101.333333,68,42,40,6.93
27980,ph,daan banua,10.903537,123.05970400000001,79.17,91,76,10.98
13476,gr,ayia varvara,37.9833333,23.6666667,58.08,51,20,4.7
11990,fr,saint-brieuc,48.510504,-2.765927,44.58,93,90,8.05
19424,in,sika,22.433332999999998,69.833333,84.93,52,0,8.08
37371,ru,novoutkinsk,56.992946999999994,59.557134999999995,11.94,73,0,3.83
15657,hu,jaszszentandras,47.583333,20.183332999999998,44.6,87,0,9.17
13961,gr,moskhaton,37.95,23.6666667,58.08,51,20,4.7
43313,us,marion,37.7305556,-88.9330556,31.98,82,1,3.36
2609,br,campina grande,-7.216667,-35.883333,67.83,95,12,2.93
7729,cu,matanzas,23.041111100000002,-81.5775,71.6,73,20,12.75
27827,ph,caramutan,15.916667000000002,120.61666699999999,86.01,47,8,3.71
10613,eg,matay,28.4222222,30.755555600000005,60.63,56,0,2.93
21185,jo,kafr abil,32.417553999999996,35.669375,47.89,87,40,1.12
22476,lu,beringen,49.7583333,6.1169444,42.8,93,92,11.41
287,am,kosh,40.3072222,44.16,33.33,69,0,1.12
19590,in,thana bhawan,29.586389,77.416667,84.39,59,8,4.61
1620,be,lichtervelde,51.033333,3.15,42.35,86,75,17.22
44446,us,londonderry,42.865,-71.3744444,35.44,80,90,8.05
1251,ba,zenica,44.2013889,17.9063889,41,100,75,2.24
36213,ru,kasimov,54.90271,41.336431,16.71,91,80,16.02
9838,de,werl,51.55,7.9166669999999995,45.79,81,90,13.87
18579,in,manpur,22.433332999999998,75.616667,89.25,36,0,4.27
10196,dk,vejen,55.48117,9.137948,36.5,100,92,9.17
7439,co,tangua,1.094727,-77.394821,42.27,86,8,1.81
38477,ru,talovaya,51.114444,40.73,6.9,86,0,10.76
26258,nz,opunake,-39.455556,173.85833300000002,64.59,99,20,18.7
40993,tz,matongo,-2.3833333,34.0833333,66.75,98,76,4.94
36808,ru,lesosibirsk,58.23583299999999,92.482778,5.55,67,12,3.6
21962,jp,yuza,39.0,139.916667,59,73,20,14.99
27405,ph,begang,6.6909,122.0168,93.2,46,20,4.7
32562,ro,carbunari,44.834444,21.744167,44.6,100,48,1.12
26326,nz,wellington,-41.3,174.783333,71.6,64,0,11.41
12735,gb,lockerbie,55.11666700000001,-3.35,37.4,86,0,6.93
42424,us,mission viejo,33.6,-117.6711111,61.39,87,90,8.05
24522,mx,socoltenango,16.216667,-92.25,61.71,100,0,1.36
5107,ca,whitchurch-stouffville,43.966667,-79.25,26.96,79,20,9.17
9529,de,ribnitz-damgarten,54.25,12.466667,44.6,100,90,5.82
2224,bo,san julian,-17.783333300000002,-62.8666667,75.2,94,75,11.41
45570,us,smyrna,35.9827778,-86.51861109999999,34.34,86,90,3.36
31233,pl,nowa ruda,50.579021999999995,16.502913,46.4,75,75,8.05
25038,my,miri,4.4148,114.0089,86,74,75,8.05
44146,us,cloquet,46.7216667,-92.4591667,28.15,53,75,5.82
16209,id,bima,-8.466667,118.71666699999999,82.77,87,76,2.59
16068,hu,tata,47.652891,18.318379999999998,44.6,100,0,6.93
44517,us,edgewater,40.826944399999995,-73.9761111,34.56,100,90,9.17
17358,in,chakia,25.05,83.216667,86.1,66,0,6.29
5669,cl,llaillay,-32.85,-70.966667,63.48,72,0,1.92
41979,ug,kotido,2.9805556,34.133055600000006,66.48,97,88,3.83
16269,id,driyorejo,-7.3659,112.6219,78.18,100,92,6.17
44775,us,levittown,40.7258333,-73.51472220000001,35.01,100,90,11.41
6360,cn,tengzhou,35.077061,117.151758,75.3,56,0,14.23
667,at,lienz,46.831111,12.759722,24.63,90,36,1.81
38305,ru,spassk,52.747,87.7545,21.12,60,0,3.15
19522,in,sundargarh,22.116667,84.033333,90.24,46,0,4.5
1876,bf,koupela,12.1794444,-0.3516667,66.93,64,12,2.82
10929,es,monforte de lemos,42.522226,-7.514324,45.96,97,92,5.17
6382,cn,weihai,37.501667,122.113611,51.81,61,0,19.26
34078,ro,sacel,47.633333,24.433332999999998,36.69,91,92,1.92
23530,mx,castillo de teayo,20.75,-97.616667,62.34,89,92,3.83
19197,in,raya,27.566667,77.783333,89.25,46,0,4.61
5608,ci,san-pedro,4.748508,-6.636301,76.65,97,68,4.38
44380,us,scottsbluff,41.8666667,-103.66666670000001,29.37,68,1,6.93
34897,rs,kosovska mitrovica,42.883333,20.866667,46.4,70,75,10.29
7717,cu,jovellanos,22.804444399999998,-81.1944444,71.6,73,20,12.75
36499,ru,kostino,58.909656000000005,53.269066,4.11,79,36,10.54
41944,ug,bundibugyo,0.7413889,30.0416667,66.66,90,76,0.92
27731,ph,calbayog,12.0668,124.5962,83.4,82,48,14.34
16514,id,srono,-8.4023,114.264,72.06,100,92,2.26
10477,ee,loksa,59.5763889,25.7213889,35.6,100,90,5.82
43191,us,algonquin,42.165555600000005,-88.2941667,29.71,74,1,5.82
37912,ru,roza,54.9163,61.4586,1.4,77,12,4.61
12349,gb,brighouse,53.7,-1.7833330000000003,40.71,80,75,9.17
40903,tz,kandete,-9.15,33.8,60.81,97,92,0.36
14587,gt,san bartolo,15.084444,-91.455833,45.87,87,8,1.81
37573,ru,pechora,65.147165,57.224392,21.3,83,88,9.98
8840,de,freital,51.016667,13.65,46.4,81,0,8.05
34385,ro,sugag,45.766667,23.633333,44.6,93,90,2.15
43563,us,overland park,38.9822222,-94.6705556,37.38,44,1,3.36
11421,fr,bischheim,48.610191,7.742446000000001,45.57,87,90,11.41
17873,in,hirakud,21.516667,83.866667,88.17,56,0,2.71
27472,ph,blensong,7.018056,124.18055600000001,91.5,58,8,7.18
16266,id,depok,-7.696667,110.2175,87,72,24,5.61
24398,mx,salto de agua,17.616667,-92.366667,67.2,98,80,0.69
43713,us,rumford,44.553611100000005,-70.5513889,31.6,79,90,10.29
9440,de,oyten,53.05,9.016667,46.4,93,75,5.82
6810,co,durania,7.713073,-72.657591,80.6,54,20,6.93
45356,us,canovanas,18.381111100000002,-65.9016667,78.8,78,20,6.93
7313,co,san jose,5.001666999999999,-75.752222,69.8,83,20,4.7
13210,gh,takoradi,4.883333299999999,-1.75,80.43,100,8,7.96
30452,ph,taytay,8.541111,124.539722,84.48,61,88,4.94
29699,ph,saguing,6.980278,125.078056,91.4,55,40,10.29
44614,us,rutherford,40.8263889,-74.10722220000001,34.56,100,90,9.17
38825,ru,vanino,49.086856,140.25433700000002,33.54,84,68,2.48
21617,jp,nago,26.588055999999998,127.97611100000002,73.35,38,1,8.05
2432,br,barbalha,-7.316667,-39.283333,69.63,97,80,2.82
4484,ca,brockville,44.583333,-75.68333299999999,30.78,97,90,2.48
22221,kz,tasbuget,44.772778,65.5525,37.4,100,90,2.24
20518,it,la spezia,44.116667,9.833333,42.3,100,90,13.87
45355,us,candelaria,18.4061111,-66.2091667,78.8,78,20,6.93
32202,ro,bala,46.716667,24.5,44.56,93,92,2.24
25157,nc,bouloupari,-21.8666667,166.05,82.4,83,92,5.82
8131,cz,moravsky beroun,49.796431,17.444735,42.8,87,40,10.29
41297,ua,horodnya,51.890853,31.597414,34.17,97,92,18.81
41276,ua,dzyhivka,48.359065,28.320828000000002,41.55,94,56,19.04
8235,cz,raspenava,50.899712,15.133397,42.9,92,92,10.09
2504,br,bom conselho,-9.166667,-36.683333000000005,68.91,96,20,8.3
39461,se,ornskoldsvik,63.3,18.716667,26.78,92,75,8.05
4044,br,sena madureira,-9.066667,-68.666667,74.94,96,32,2.15
13914,gr,melissia,38.05,23.8333333,58.12,47,0,9.17
31289,pl,pruszkow,52.162608,20.812948000000002,48.2,87,75,9.17
38708,ru,ulkan,57.242778,107.32777800000001,11.58,55,48,6.51
10875,es,lena,43.160886,-5.8287830000000005,38.88,87,75,5.82
28148,ph,esperanza,7.491667,125.72805600000001,91.4,55,40,10.29
37826,ru,purpe,64.480278,76.689722,13.29,89,68,12.1
43587,us,glasgow,36.9958333,-85.9119444,31.46,100,1,7.96
18111,in,kangayam,11.0,77.56666700000001,82.4,58,40,12.75
15780,hu,medgyesegyhaza,46.5,21.033333,41,100,44,3.36
33131,ro,ghimbav,45.666667,25.5,37.95,98,92,2.48
5619,ci,toulepleu,6.5797419999999995,-8.410905999999999,73.41,98,88,4.61
43374,us,shorewood,41.52,-88.2016667,30.85,59,1,9.42
